condado;nivel_escolar;total_de_alunos;professores;auxilio_social_pct;auxilio_alimentar_pct;media_notas;computador_por_aluno;despesa_por_aluno;renda_media;estrangeiros_pct;nota_leitura;nota_matematica
Alameda;KK-08;195;10,89999962;0,510200024;2,040800095;690,7999878;0,343589753;6384,911133;22,69000053;0;691,5999756;690
Butte;KK-08;240;11,14999962;15,41670036;47,91669846;661,2000122;0,420833319;5099,380859;9,824000359;4,583333492;660,5;661,9000244
Butte;KK-08;1550;82,90000153;55,03229904;76,32260132;643,5999756;0,109032258;5501,95459;8,977999687;30,00000191;636,2999878;650,9000244
Butte;KK-08;243;14;36,47539902;77,04920197;647,7000122;0,349794239;7101,831055;8,977999687;0;651,9000244;643,5
Butte;KK-08;1335;71,5;33,10860062;78,42700195;640,8499756;0,12808989;5235,987793;9,080332756;13,85767746;641,7999878;639,9000244
Fresno;KK-08;137;6,400000095;12,31879997;86,95649719;605,5500488;0,182481751;5580,146973;10,41499996;12,40875912;605,7000122;605,4000244
San Joaquin;KK-08;195;10;12,90320015;94,623703;606,75;0,14358975;5253,331055;6,577000141;68,71794891;604,5;609
Kern;KK-08;888;42,5;18,80629921;100;609;0,074324325;4565,746094;8,173999786;46,95946121;605,5;612,5
Fresno;KK-08;379;19;32,18999863;93,13980103;612,5;0,092348285;5355,54834;7,385000229;30,07915688;608,9000244;616,0999756
Sacramento;KK-06;2247;108;78,99420166;87,31639862;612,6500244;0;5036,211426;11,61333275;40,27592087;611,9000244;613,4000244
Merced;KK-08;446;21;18,60989952;85,87439728;615,75;0,192825109;4547,692383;8,930999756;52,91479874;612,7999878;618,7000122
Fresno;KK-08;987;47;71,71309662;98,60559845;616,2999878;0,056737587;5447,345215;7,385000229;54,60993195;616,5999756;616
Tulare;KK-08;103;5;22,42989922;98,13079834;616,2999878;0,242718443;6567,149414;5,335000038;42,71844482;612,7999878;619,7999878
Tulare;KK-08;487;24,34000015;24,6093998;77,14839935;616,2999878;0;4818,612793;8,279000282;20,53388023;610;622,5999756
Tulare;KK-08;649;36;14,63790035;76,27120209;616,4500122;0,047765795;5621,456055;9,630000114;80,1232605;611,9000244;621
Tulare;KK-08;852;42,06999969;24,21419907;94,29570007;617,3499756;0,093896717;6026,359863;7,453999996;49,41314316;614,7999878;619,9000244
Kern;KK-08;491;28,92000008;11,20160007;97,75969696;618,0500488;0,203665987;6723,237793;6,21600008;85,53971863;611,7000122;624,4000244
Kern;KK-08;421;25,5;8,551099777;77,90969849;618,3000488;0,118764848;5589,885254;7,763999939;58,90736389;614,9000244;621,7000122
Los Angeles;KK-08;6880;303,0299988;21,28240013;94,97119904;619,7999878;0,139534891;5064,615723;7,021999836;77,0058136;619,0999756;620,5
Kern;KK-08;2688;135;23,4375;93,22920227;620,2999878;0,05171131;5433,593262;5,698999882;49,81398773;621,2999878;619,2999878
Imperial;KK-08;440;24;34,77270126;100;620,5;0,156818181;5725,563477;7,940999985;40,68181992;615,5999756;625,4000244
Tulare;KK-08;475;21;21,64949989;91,54640198;621,4000244;0,111578949;4542,10498;9,630000114;16,21052551;619,9000244;622,9000244
Kern;KK-08;2538;130,5;18,91110039;70,8167038;621,75;0,066587865;5107,086426;7,40500021;45,07486343;622,9000244;620,5999756
Tulare;KK-08;476;19;43,85589981;100;622,0500488;0;4659,661621;9,630000114;39,07563019;620,7000122;623,4000244
Merced;KK-08;2357;114;16,8010006;90,623703;622,5999756;0,091641918;4555,464355;8,019000053;76,66525269;619,5;625,7000122
Tulare;KK-08;1588;85;22,40719986;85,14720154;623,0999756;0,124685138;5415,152832;8,522999763;40,49118423;625;621,2000122
Monterey;KK-06;7306;319,7999878;17,00149918;88,03489685;623,2000122;0,101560362;4997,871582;7,983181477;73,7202301;620,4000244;626
Kern;KK-08;2601;135;15,07110023;92,19529724;623,4500122;0,103421763;5223,912109;7,304999828;70,01153564;616,5;630,4000244
Tulare;KK-08;847;44;16,2928009;90,20069885;623,5999756;0,079102717;5139,164551;8,934000015;55,96221542;620,0999756;627,0999756
Tulare;KK-08;452;22;14,49890041;81,02349854;624,1500244;0,121681415;4614,251953;8,553999901;11,06194687;627,9000244;620,4000244
San Diego;KK-08;4142;201;35,5625;81,50650024;624,5500488;0,137373254;5342,233398;6,612999916;80,42008972;620,4000244;628,7000122
Monterey;KK-08;2102;99,75;15,31989956;90,28489685;624,9500122;0,106565177;5347,458496;12,4090004;63,13035583;623;626,9000244
Los Angeles;KK-08;10012;464,8999939;29,76390076;91,59339905;625,2999878;0,072013587;5036,458984;8,126615524;65,12185669;620,7999878;629,7999878
Monterey;KK-08;2488;125;12,69200039;55,0929985;625,8499756;0,081189707;5117,141602;11,43099976;53,41640091;626,0999756;625,5999756
San Bernardino;KK-08;25151;1186,699951;17,44260025;80,19560242;626,0999756;0,068108626;5117,039551;11,72222519;49,82307053;625,4000244;626,7999878
Los Angeles;KK-08;2267;103,6800003;19,15169907;84,43379974;626,8000488;0,07807675;5272,191895;11,33250046;35,46537018;625,4000244;628,2000122
Merced;KK-08;1657;90,40000153;28,84729958;84,73139954;626,9000244;0,123114064;5225,719238;9,597999573;56,12552643;623,5999756;630,2000122
Fresno;KK-08;284;17,5;14,52700043;94,93240356;627,0999756;0,063380279;6516,533203;14,55799961;32,39436722;628,9000244;625,2999878
San Mateo;KK-08;5370;280;19,57169914;81,11730194;627,25;0,104655497;4559,176758;22,05999947;65,51210022;624,4000244;630,0999756
Kern;KK-08;2471;121,8600006;23,79599953;87,77819824;627,2999878;0,111290976;5119,158203;9,708999634;53,05544281;627,5;627,0999756
Ventura;KK-08;15386;669,3599854;12,50640011;71,43309784;628,25;0,114519693;5338,185547;11,48294449;49,64253235;627,7999878;628,7000122
Merced;KK-08;184;9;22,2826004;85,86959839;628,4000244;0,217391297;5090,044922;8,17800045;45,10869598;621,5999756;635,2000122
Kern;KK-08;1217;61,40000153;33,90800095;88,09519958;628,5500488;0,064092033;5485,496094;8,173999786;30,32045937;629,4000244;627,7000122
Kern;KK-08;6219;268;21,49860001;100;628,6500244;0,091815405;4793,370117;7,5;52,24312592;621,0999756;636,2000122
Riverside;KK-06;4258;221;24,65950012;92,74310303;628,75;0,076092064;5092,91748;10,05049992;36,80131531;626,5;631
Los Angeles;KK-08;1235;53;8,218299866;62,13019943;629,8000488;0,141700402;4359,520996;7,331999779;30,28339958;630,2000122;629,4000244
Santa Clara;KK-08;16244;766,6500244;17,4531002;69,73989868;630,3499756;0,087601572;5645,495605;12,5815773;49,8645668;629,5;631,2000122
Kern;KK-08;814;39;19,77890015;67,44470215;630,4000244;0,104422607;4518,016113;15,17700005;13,75921345;631,9000244;628,9000244
Kern;KK-08;27176;1429;39,21839905;84,29499817;630,5499878;0,122313805;5864,366211;12,109128;28,86370468;631,5999756;629,5
Santa Clara;KK-08;10696;487,9700012;22,15780067;70,89569855;630,5499878;0,122101717;5257,996582;11,78499985;52,80478668;628,5;632,5999756
Los Angeles;KK-08;8935;444,5;36,94509888;79,51200104;631,0500488;0,087968662;5016,692383;14,06200027;44,08506012;628,4000244;633,7000122
Madera;KK-08;1600;74,5;27,26140022;79,72550201;631,4000244;0,151250005;4720,086426;10,47200012;35,25;635,7000122;627,0999756
Monterey;KK-06;9028;449,9200134;13,98849964;69,94249725;631,8499756;0,074102789;5470,5625;13,40511703;37,49446106;633;630,7000122
Santa Barbara;KK-08;10625;521,4699707;7,497499943;77,52559662;631,9000244;0,084329411;5615,441895;12,30179977;50,39059067;629,5999756;634,2000122
Los Angeles;KK-08;7151;318,5799866;18,54809952;61,73820114;631,9500122;0,078310728;5245,439941;15,40407085;31,07257843;634,2000122;629,7000122
Los Angeles;KK-08;2404;105;20,92740059;52,94350052;632;0,08402662;4838,175293;13,76200008;18,26123238;633,5;630,5
Los Angeles;KK-08;5804;283,1499939;28,34250069;81,11650085;632,2000122;0,082701586;5367,988281;14,18400002;34,70020676;631,4000244;633
Sacramento;KK-06;2253;112,6500015;43,49760056;84,55390167;632,25;0,086995117;5526,236816;8,864999771;33,28894806;637,5;627
Monterey;KK-08;2807;126,1200027;15,45950031;52,39640045;632,4499512;0,054150339;4353,019531;12,99699974;33,48770905;637,2999878;627,5999756
Ventura;KK-08;3074;142,5500031;11,28979969;66,19490051;632,8499756;0,081001952;5034,290039;11,59200001;38,15875244;633,2000122;632,5
Tulare;KK-08;723;37,11999893;25,92110062;83,15789795;632,9500122;0,062240664;4692,493652;8,279000282;36,92946243;629,2000122;636,7000122
Sacramento;KK-06;5138;290,7749939;58,75220108;84,99900055;633,0499878;0,108991824;5606,781738;10,90564251;32,98949051;630,2999878;635,7999878
Orange;KK-06;20927;953,5;10,91139984;82,39260101;633,1500244;0,050078847;4969,180664;13,40062523;58,21665573;629,5999756;636,7000122
Kings;KK-08;3017;138,5;14,97679996;56,06359863;633,6500244;0,164401725;4675,674805;11,08100033;17,00364685;634,4000244;632,9000244
Kings;KK-08;957;50;27,16819954;82,13169861;633,9000244;0,155694887;5306,132813;9,081999779;17,65935326;634,7000122;633,0999756
Kern;KK-08;1639;90,5;46,88819885;80,60420227;634;0,175106779;5693,883301;13,39000034;7,321537495;638,4000244;629,5999756
Los Angeles;KK-08;4340;209,8399963;17,70260048;93,92269897;634,0500488;0,065437786;5181,57959;14,60162544;31,19815636;631,9000244;636,2000122
Kings;KK-08;5079;224,5;25,55929947;63,80360031;634,0999756;0,115180157;5228,650879;11,11600018;16,61744499;637,7000122;630,5
San Diego;KK-06;6639;304,730011;26,84140015;100;634,0999756;0,076065674;5339,391113;8,423000336;58,08103561;631,5;636,7000122
Sonoma;KK-06;1154;62,09999847;22,92770004;84,92060089;634,1500244;0,111785099;6056,49707;11,66499996;55,89254379;636,7999878;631,5
Kern;KK-08;237;11;19,83119965;76,79319763;634,1999512;0,054852322;4845,680176;7,304999828;5,485232353;631,7999878;636,5999756
Los Angeles;KK-08;2987;141,2100067;21,25880051;68,39640045;634,4000244;0,091396049;4826,666016;13,7305994;14,4291935;637,7000122;631,0999756
Kings;KK-08;499;30;40,36700058;83,11930084;634,5499878;0,188376755;5367,090332;11,11600018;22,84569168;635,5;633,5999756
Merced;KK-08;11474;542,6500244;40,55260086;77,0089035;634,7000122;0,108767651;5742,73291;10,36442852;38,78333664;633,2000122;636,2000122
Santa Barbara;KK-08;1088;55;14,15439987;86,02940369;634,9000244;0,098345585;4136,250977;6,982999802;64,24632263;631,0999756;638,7000122
San Bernardino;KK-08;2660;140,1199951;15,76010036;74,85099792;634,9499512;0,097368419;5267,831055;14,46780014;25,22556496;637,7999878;632,0999756
Contra Costa;KK-08;353;19,97999954;8,672100067;33,06230164;635,0499878;0,022662889;5238,39209;14,65299988;5,382436275;636,5999756;633,5
Humboldt;KK-08;329;18,53000069;28,91570091;85,54219818;635,1999512;0,112462007;5462,899414;10,62899971;6,079027653;644,2999878;626,0999756
Siskiyou;KK-08;252;16,5;23,45680046;66,25509644;635,4500122;0,126984134;6313,373535;9,781000137;0;640,9000244;630
Siskiyou;KK-08;175;12,5;21,76469994;68,82350159;635,5999756;0,177142859;6653,030762;10,65600014;0;634,5999756;636,5999756
Ventura;KK-08;3835;186,1999969;13,99110031;72,8628006;635,5999756;0,233898312;5533,149414;11,93799973;34,88917923;633;638,2000122
Fresno;KK-08;314;19,25;29,93630028;93,63059998;635,75;0,025477707;6118,710449;7,385000229;13,05732441;636,7000122;634,7999878
Merced;KK-08;4458;211;22,22220039;72,32080078;635,9500122;0,099820547;5098,626953;10,67599964;36,0251236;633,2000122;638,7000122
Merced;KK-08;1313;75,08000183;32,08679962;73,59760284;636,0999756;0,08530084;5652,878906;9,972000122;34,65346527;633,9000244;638,2999878
Fresno;KK-08;474;26,5;21,5189991;75,73840332;636,5;0,075949363;5329,002441;8,258000374;28,69198227;634,7000122;638,2999878
San Bernardino;KK-08;1114;57,70000076;29,44680023;62,21279907;636,5999756;0,248653501;5929,809082;8,895999908;1,795332193;645,4000244;627,7999878
Riverside;KK-06;1358;65;14,79030037;80,86830139;636,6999512;0,131075114;4897,067871;12,06200027;30,63328552;632,2999878;641,0999756
Los Angeles;KK-08;11629;546,2999878;25,37940025;83,873703;636,9000244;0,087281793;5100,202148;9,428894997;59,0334549;632,4000244;641,4000244
Kern;KK-08;6195;306,75;21,04330063;68,57189941;636,9500122;0,203551248;4825,722656;8,920332909;13,55932236;636,2000122;637,7000122
Tulare;KK-08;499;20;23,69939995;80,92489624;637;0,07014028;4079,12915;10,09799957;5,010019779;636,0999756;637,9000244
Sacramento;KK-08;417;23;19,90410042;46,04320145;637,0999756;0,064748198;5349,367676;11,82999992;0,959232628;638;636,2000122
Lake;KK-08;300;15;48,3443985;72,18540192;637,3499756;0,183333337;5869,38916;11,55300045;0,666666687;640,9000244;633,7999878
Santa Clara;KK-08;457;24,39999962;16,81609917;67,71299744;637,6500244;0,109409191;6462,12793;19,70700073;38,51203537;644,9000244;630,4000244
Butte;KK-08;146;8;25,34250069;54,10960007;637,9499512;0,232876718;6231,601563;7,105000019;0;646,0999756;629,7999878
San Mateo;KK-08;460;24,21999931;10,59319973;66,94920349;637,9500122;0,154347822;4993,867676;13,72500038;17,17391396;633,2000122;642,7000122
Tulare;KK-08;354;17,79999924;10,27779961;59,72219849;638;0,079096042;4663,811035;10,09799957;9,887005806;636,7000122;639,2999878
Los Angeles;KK-08;1841;95;25,25799942;64,74739838;638,2000122;0,171102658;6107,106445;13,76200008;19,39163589;640,4000244;636
Imperial;KK-08;3760;183,75;26,90159988;65,7960968;638,3000488;0,190691486;5324,228027;9,664999962;36,48936081;636,2000122;640,4000244
Imperial;KK-08;500;22,43000031;18,79999924;83;638,3000488;0,140000001;5221,460938;10,26399994;39,39999771;630,4000244;646,2000122
Los Angeles;KK-08;5112;246,8999939;10,69120026;59,7234993;638,3499756;0,07492175;5157,784668;11,56920052;28,67762184;638,5999756;638,0999756
Kern;KK-08;146;7,659999847;13,69859982;66,43840027;638,5499878;0,19178082;5131,119141;7,40500021;13,69863033;637,5;639,5999756
Kern;KK-08;2141;105,8199997;26,49650002;65,38279724;638,7000122;0,062587574;5279,354004;12,07699966;11,34983635;636,9000244;640,5
Sutter;KK-08;610;30,97999954;8,524600029;56,06560135;639,25;0,236065567;4704,043945;11,28299999;3,442623138;640,2999878;638,2000122
Mendocino;KK-08;337;16,54999924;21,26250076;60,13290024;639,3000488;0,077151336;6089,910645;10,03499985;15,43026733;642,7000122;635,9000244
San Bernardino;KK-08;4501;227,8500061;19,12969971;63,9054985;639,3499756;0,132637188;5356,833496;8,383999825;17,97378349;639,9000244;638,7999878
San Benito;KK-08;5718;295,0499878;6,84070015;37,04560089;639,5;0,054739419;5144,549316;13,63000011;22,71773338;641,4000244;637,5999756
Los Angeles;KK-08;19402;846,3800049;20,52370071;51,24209976;639,75;0,060921554;4906,22998;14,12766743;18,43624496;641,7000122;637,7999878
Butte;KK-08;3401;175,5500031;52,21989822;74,27230072;639,7999878;0,164657459;5489,588867;11,26612473;16,17171478;641,5;638,0999756
Kern;KK-08;2621;136,8300018;25,82979965;64,09770203;639,8499756;0,151468903;5718,55127;13,39000034;2,02212882;641,4000244;638,2999878
Ventura;KK-08;426;20;3,990600109;64,78869629;639,9000244;0,204225346;4436,152832;11,93799973;9,62441349;634,2999878;645,5
Fresno;KK-08;205;11,19999981;18,53660011;80,9756012;640,0999756;0,117073171;4895,439453;8,258000374;41,46341324;643,5;636,7000122
Los Angeles;KK-08;13668;648,4099731;28,1753006;56,29940033;640,1500244;0,09664911;5159,21875;14,22672749;9,8990345;640,4000244;639,9000244
Madera;KK-08;342;18,20000076;11,39599991;68,09120178;640,5;0,286549717;5490,654785;10,47200012;16,08187103;637,7000122;643,2999878
Orange;KK-06;6518;332,1000061;12,27910042;71,02380371;640,75;0,076557226;5172,019531;14,24290085;43,4949379;638,5;643
Tulare;KK-08;239;12,19999981;15,61180019;69,62030029;640,9000244;0,125523016;4441,672852;14,06599998;8,786610603;644,9000244;636,9000244
Santa Clara;KK-08;2911;139,4700012;11,92850018;52,9734993;641,0999756;0,0965304;5220,370117;15,96800041;39,02438736;640,4000244;641,7999878
Imperial;KK-08;6272;297,0400085;28,71999931;71,76239777;641,4499512;0,213329077;5252,810547;10,26399994;53,89030457;639,2999878;643,5999756
San Diego;KK-06;10218;508,75;17,42020035;70,80639648;641,4499512;0,140438437;5518,702148;10,6024704;41,13329315;638,5999756;644,2999878
Shasta;KK-08;1735;87,13999939;47,2621994;75,50430298;641,5499878;0,127953887;5609,487793;10,52299976;1,383285284;640,7999878;642,2999878
Tulare;KK-08;474;26,61000061;20,67510033;82,06749725;641,8000488;0,202531651;4945,031738;11,23799992;35,44303894;638,9000244;644,7000122
Tehama;KK-08;544;30;20,55050087;74,86239624;642,1999512;0,266544104;5223,025391;10,05599976;8,639705658;641,7999878;642,5999756
Tulare;KK-08;1987;103,3700027;15,28120041;54,65409851;642,2000122;0,142425761;4757,025391;11,18299961;15,34977436;637;647,4000244
Fresno;KK-08;418;22,39999962;10,69649982;63,43280029;642,4000244;0,119617224;5522,161621;7,385000229;19,85645866;640,2000122;644,5999756
Monterey;KK-08;196;10;19,68910027;47,15029907;642,75;0,20408164;6087,608887;13,57900047;3,061224461;652,5999756;632,9000244
Tulare;KK-08;2208;114,5;14,41399956;53,21060181;643,0499878;0,041666668;4960,515625;9,630000114;9,873188019;642;644,0999756
Riverside;KK-08;1255;55;11,32219982;44,25970078;643,1999512;0,131474108;4880,040527;15,27400017;16,09561729;642,5999756;643,7999878
Sonoma;KK-06;1469;78,09999847;20,96660042;80,25869751;643,25;0,044247787;6538,417969;14,03425026;43,49897766;639,4000244;647,0999756
Los Angeles;KK-08;7114;332,8399963;34,59420013;82,57219696;643,4000244;0,095586166;4925,659668;10,23966694;45,03795242;638,9000244;647,9000244
Tehama;KK-08;1962;98;24,4151001;67,75180054;643,4000244;0,086646281;5204,6875;9,484999657;18,19571877;641,7000122;645,0999756
San Mateo;KK-08;7761;361;6,49119997;44,47660065;643,5;0,084782891;4907,410645;15,0298748;15,48769474;644,2000122;642,7999878
Siskiyou;KK-08;216;14;9,416999817;48,87889862;643,5;0,217592597;5923,45166;9,781000137;0,92592591;652,7000122;634,2999878
Kern;KK-08;224;10;7,14289999;58,03570175;643,6999512;0,138392851;4741,957031;13,19200039;7,589285851;633,5999756;653,7999878
Stanislaus;KK-08;7887;391,8599854;16,40239906;57,07220078;643,7000122;0,127298087;4954,019531;12,2159996;29,08583832;645,7000122;641,7000122
Tuolumne;KK-08;752;39,5;11,71049976;34,07889938;644,1999512;0;5500,10791;14,07600021;0,132978722;652,2999878;636,0999756
San Mateo;KK-08;9328;537,8800049;7,487500191;39,03680038;644,2000122;0,184283882;5360,51709;25,4873333;50,85763168;644,5;643,9000244
El Dorado;KK-08;548;32,20000076;7,664199829;31,38689995;644,4000244;0,063868612;5685,63916;14,86699963;11,49635029;652,0999756;636,7000122
Merced;KK-08;104;5;32,38100052;49,5237999;644,4500122;0,182692304;5594,196289;9,972000122;13,46153927;649,5;639,4000244
San Joaquin;KK-08;275;13;12,72729969;45,81819916;644,4500122;0,014545455;4692,566895;14,57800007;4,727272511;643,2000122;645,7000122
Fresno;KK-08;443;24;14,22119999;69,97740173;644,5;0,117381491;5085,40625;7,385000229;21,44469452;644,2999878;644,7000122
Sacramento;KK-06;10337;540,0499878;37,22689819;58,54539871;644,5499878;0,12266615;5456,197266;12,34300041;12,35368061;646;643,0999756
Stanislaus;KK-08;806;41,52999878;7,178800106;56,67509842;644,6999512;0,044665013;5105,179688;12,43133259;30,14888382;645,2999878;644,0999756
Merced;KK-08;227;11,60000038;18,06170082;59,03079987;644,9500122;0,110132158;5519,677246;14,90600014;15,85902977;649,7000122;640,2000122
Ventura;KK-08;8416;391,4200134;12,39900017;71,91210175;645,0999756;0,158388779;5065,911133;12,66989994;43,75;642,9000244;647,2999878
Humboldt;KK-08;149;8,5;19,46310043;59,0603981;645,25;0,201342285;5182,428223;10,33300018;0;656,7999878;633,7000122
Humboldt;KK-08;220;13,39000034;19,1303997;52,1739006;645,5499878;0,218181819;5960,464355;11,97200012;0;658;633,0999756
San Diego;KK-08;4612;232,9700012;17,47610092;65,91500092;645,5500488;0,130312234;5124,836426;12,82699966;16,65221214;647,7000122;643,4000244
Lake;KK-08;590;34,33000183;37,4367981;70,65769958;645,5999756;0,120338984;5655,133301;10,03999996;3,22033906;644,7999878;646,4000244
Humboldt;KK-08;133;7,550000191;25;72,14289856;645,75;0,187969923;5811,689941;13,33500004;0;644,2999878;647,2000122
Ventura;KK-08;2440;121,2399979;7,275899887;47,0298996;645,75;0,047540985;5467,673828;9,854000092;48,52458954;645,5;646
Tehama;KK-08;133;6;11,19400024;35,82089996;646;0;5213,089355;11,42599964;0,751879692;652,5;639,5
Sacramento;KK-08;519;26;16,76300049;37,95759964;646,2000122;0,125240847;4613,1875;15,13099957;1,92678237;650,9000244;641,5
San Joaquin;KK-08;222;11,65999985;7,589300156;40,625;646,3499756;0,135135129;4886,983887;14,57800007;13,51351261;643;649,7000122
Siskiyou;KK-08;285;18,71999931;26,64229965;76,27739716;646,4000244;0,126315787;6455,136719;10,26799965;0;641,5999756;651,2000122
Stanislaus;KK-08;3129;147,9799957;26,16760063;55,7901001;646,5;0,150527328;5125,433105;15,59285736;16,71460533;647,7999878;645,2000122
Fresno;KK-08;2019;102,7799988;10,25259972;40,5646019;646,5499878;0,082714215;5193,692383;11,23799992;5,943536282;649,0999756;644
Orange;KK-08;5620;267;10,30949974;55,09389877;646,7000122;0,056227759;5002,838867;15,05137539;36,17437744;644;649,4000244
Orange;KK-08;9775;484,5;13,04300022;62,50389862;646,9000244;0,124603577;5337,625488;15,41317654;44,97186661;645,5999756;648,2000122
Kings;KK-08;246;11,5;9,756099701;43,90240097;646,9499512;0,154471546;5161,202148;11,08100033;16,66666794;647,7999878;646,0999756
Tulare;KK-08;7210;360,3500061;26,62680054;68,85790253;647,0499878;0,110957004;5158,791992;10,09799957;15,18723965;642,5;651,5999756
San Diego;KK-06;21338;1051,579956;13,22719955;45,99499893;647,25;0,135392264;5123,474121;14,29829979;34,33779907;645;649,5
Shasta;KK-08;477;27;25,36689949;59,53879929;647,2999878;0,056603774;5782,543945;11,80300045;0;650,7999878;643,7999878
Merced;KK-08;727;39,90000153;10,17879963;32,18709946;647,5999756;0,068775788;4842,60791;9,972000122;13,06739998;649,4000244;645,7999878
Sutter;KK-08;374;18,45000076;6,684500217;7,486599922;647,5999756;0,122994654;4219,40625;15,4090004;4,278074741;651,5999756;643,5999756
San Diego;KK-08;18255;903,7600098;11,22169971;58,53310013;648;0,109613806;5081,169922;15,2937994;39,5946312;645;651
Los Angeles;KK-08;8787;410,9100037;10,02270031;32,48300171;648,2000122;0,120405145;5144,993652;15,53292847;21,66837311;648;648,4000244
Kern;KK-08;797;38;7,026299953;35,75910187;648,25;0,075282305;4674,298828;16,29299927;3,262233257;648,7999878;647,7000122
Sutter;KK-08;140;7;3,571399927;39,28570175;648,3499756;0,285714298;4830,326172;12,875;7,857142925;651,5999756;645,0999756
San Diego;KK-08;235;13,69999981;6,808499813;67,23400116;648,7000122;0,217021272;5621,687988;16,62299919;39,57446671;643,4000244;654
San Bernardino;KK-06;8294;371,1000061;23,19750023;51,56740189;648,9499512;0,15613696;4948,868164;12,54988289;10,12780285;645,0999756;652,7999878
Orange;KK-06;2409;108,6600037;8,151499748;52,12020111;649,1500244;0,146948949;5100,975586;14,25857162;27,52179146;646;652,2999878
Sonoma;KK-06;150;8,25;3,225800037;23,22579956;649,3000488;0,106666669;5132,788574;18,32600021;14;655,2000122;643,4000244
Shasta;KK-08;3981;210;41,77339935;51,77090073;649,5;0,152223065;5358,51709;12,74914265;8,842000008;649,7999878;649,2000122
Tehama;KK-08;2326;117,8000031;17,97509956;52,25230026;649,6999512;0,148323298;5149,186523;11,42599964;6,405846596;651,2999878;648,0999756
Tuolumne;KK-08;501;30,5;20,63489914;54,76190186;649,8499756;0,325349301;5373,206543;8,829999924;2,395209789;652,5999756;647,0999756
Siskiyou;KK-08;470;28,27000046;31,33049965;89,69960022;650,4499512;0,102127656;6485,166016;11,17599964;5,957447052;655,0999756;645,7999878
Humboldt;KK-06;575;35,09999847;26,43479919;59,13040161;650,5499878;0,102608696;5504,025391;14,22799969;8,173913002;654,5999756;646,5
Contra Costa;KK-08;3519;175,3000031;5,54129982;29,78120041;650,5999756;0,224211425;5105,734375;15,02700043;15,45893669;655,4000244;645,7999878
Tuolumne;KK-08;474;26,34000015;21,9958992;54,9897995;650,6500244;0,128691986;5634,730957;10,52099991;0;653,5999756;647,7000122
Placer;KK-08;223;11,5;1,754400015;17,54389954;650,9000244;0,269058287;4980,294434;18,62599945;0;651,7999878;650
Sonoma;KK-08;92;5,599999905;13,54170036;0;650,9000244;0,239130437;6113,859863;22,52899933;0;656,0999756;645,7000122
Sonoma;KK-06;4971;297,1400146;14,70940018;55,10079956;651,1500244;0,100583382;5850;18,29838943;31,82458305;653,2999878;649
Stanislaus;KK-08;2617;107,1949997;8,368200302;32,36970139;651,2000122;0,086358428;4547,944824;11,88574982;12,80091667;651,7000122;650,7000122
Shasta;KK-08;242;13,25;28,0991993;51,6529007;651,3499756;0,132231399;5011,840332;9,925999641;0;654,4000244;648,2999878
Humboldt;KK-08;780;41,15000153;16,5394001;50,76340103;651,4000244;0,096153848;5261,370605;14,19699955;3,846153975;662;640,7999878
Tulare;KK-08;324;15,39999962;13,0031004;58,20429993;651,4500122;0,154320985;4276,115234;9,630000114;2,469135761;647;655,9000244
Glenn;KK-08;140;6,75;7,85710001;45,71429825;651,8000488;0,178571433;4566,27002;10,63899994;10,71428585;654,2000122;649,4000244
Sonoma;KK-08;181;10;25,4144001;66,85079956;651,8499756;0,143646404;6049,495117;14,47500038;0;651,9000244;651,7999878
Lassen;KK-08;516;26;9,259300232;24,81480026;651,9000244;0,125968993;4974,28125;13,46700001;1,937984467;656,2999878;647,5
Imperial;KK-08;108;5;3,669699907;32,11009979;652;0,231481478;4432,478027;9,664999962;4,629629612;648,2000122;655,7999878
Lassen;KK-08;419;18,67000008;13,95349979;50;652,0999756;0,138424814;4924,619141;12,70800018;5,250596523;656,4000244;647,7999878
Orange;KK-08;12567;546,0499878;7,623099804;40,3995018;652,0999756;0,087451264;4603,659668;17,82299995;27,54038239;651,5999756;652,5999756
Sonoma;KK-06;287;16,17000008;3,793100119;31,03450012;652,2999878;0,226480842;5973,925293;17,15600014;14,98257828;655,0999756;649,5
Santa Barbara;KK-08;6201;339,1000061;7,179599762;47,70249939;652,3000488;0,102241576;5215,943848;19,58963585;47,87937546;650,9000244;653,7000122
Humboldt;KK-08;577;29,95000076;20,33609962;46,05039978;652,3499756;0,2322357;4882,236816;14,19699955;0;657,2000122;647,5
Sutter;KK-08;170;7,5;10,58819962;32,35290146;652,4000244;0,241176471;4145,835938;11,9119997;1,764706016;660,2999878;644,5
Shasta;KK-08;164;8,5;33,53659821;65,85369873;652,4000244;0,219512194;7542,038086;13,38599968;0;655,2000122;649,5999756
Kern;KK-08;382;22;29,23830032;59,21379852;652,5;0,196335077;5247,018066;11,5539999;0;653,0999756;651,9000244
San Diego;KK-08;1221;61,59999847;4,34070015;25,3071003;652,8499756;0,20475021;5169,814941;19,02599907;7,289107323;656,7999878;648,9000244
Santa Cruz;KK-08;2214;108,3499985;12,8725996;36,44990158;653,0999756;0,096205965;5951,005859;16,40699959;17,02800369;656,0999756;650,0999756
Riverside;KK-08;4523;215;5,751900196;29,19869995;653,4000244;0,090426706;4746,572266;14,05799961;10,43555164;653,7000122;653,0999756
Kern;KK-08;793;39,79999924;4,413599968;30,76919937;653,5;0,061790667;4944,092285;19,06800079;2,269861221;652,4000244;654,5999756
Santa Clara;KK-08;1678;88,26999664;5,482699871;38,20019913;653,5499878;0,151370674;6306,487305;20,77000046;28,24791336;655,5999756;651,5
Imperial;KK-08;536;22,5;5,597000122;28,17160034;653,5500488;0,065298505;4260,306641;10,26399994;8,768656731;653,4000244;653,7000122
San Joaquin;KK-08;307;15,85000038;5,537499905;28,66449928;653,6999512;0,117263846;4718,163086;14,57800007;7,491856575;654,0999756;653,2999878
Tehama;KK-08;347;17,5;18,44379997;53,60229874;653,7999878;0,161383286;4751,299805;10,20199966;9,798271179;655,5;652,0999756
Humboldt;KK-08;168;11,01000023;29,16670036;63,69049835;653,8499756;0,178571433;5653,453613;12,50199986;12,5;655,9000244;651,7999878
Shasta;KK-08;532;31;10,50660038;29,64349937;653,9499512;0,152255639;5920,253418;13,90600014;0;656,5999756;651,2999878
Los Angeles;KK-08;3272;150;24,02199936;76,77259827;654,0999756;0,114303179;4825,59082;9,986000061;31,20415497;651,4000244;656,7999878
Nevada;KK-08;2045;107,2099991;12,12709999;40,92910004;654,1999512;0,131051347;5532,582031;13,71199989;1,369193196;657,7999878;650,5999756
Tulare;KK-08;156;6,050000191;10,42940044;47,85279846;654,1999512;0,044871796;3926,06958;10,09799957;9,615385056;659,7999878;648,5999756
Kern;KK-08;1129;61,99000168;34,1894989;62,26750183;654,2999878;0,145261288;5805,636719;11,29100037;0;655,0999756;653,5
Sacramento;KK-08;3669;201,9700012;11,35890007;41,05459976;654,5999756;0,136276916;4899,239746;13,22500038;24,25728989;652,7000122;656,5
San Benito;KK-08;157;9,25;1,898699999;10,12660027;654,8499756;0,12101911;4884,862305;13,63000011;9,554140091;654,2000122;655,5
San Diego;KK-08;4928;229,1999969;8,541999817;25,88850021;654,8499756;0,125405848;5139,9375;14,62300014;5,92532444;653,5;656,2000122
Sutter;KK-08;103;5;5,825200081;23,3010006;654,9000244;0,126213595;5249,364746;8,776000023;0,970873773;662,2000122;647,5999756
Fresno;KK-08;175;10,30000019;14,85709953;70,28569794;655,0499878;0,09714286;5399,070313;10,3380003;18,2857132;650;660,0999756
Contra Costa;KK-08;4153;199,8600006;7,526899815;23,4409008;655,0500488;0,058030341;4965,290039;16,32299995;4,984348774;657,4000244;652,7000122
Siskiyou;KK-06;280;18,04999924;8,695699692;56,52170181;655,0500488;0,239285707;6210,323242;10,65633297;4,285714626;660,4000244;649,7000122
San Joaquin;KK-08;865;43,5;3,084199905;12,57409954;655,1999512;0,110982656;4797,503418;14,57800007;3,352601051;660,7999878;649,5999756
Santa Clara;KK-08;8735;408,2000122;7,496600151;21,34339905;655,3000488;0,128219798;5397,161621;18,63059998;32,70749664;655,4000244;655,2000122
Kings;KK-08;412;20,10000038;8,73789978;60,92229843;655,3499756;0,174757287;5078,5;11,11600018;9,46601963;653;657,7000122
Stanislaus;KK-08;6373;329,1199951;12,67850018;36,88999939;655,3499756;0,097913072;4733,746582;14,59766674;6,260787487;657,5999756;653,0999756
San Joaquin;KK-08;332;18,79999924;9,036100388;34,03609848;655,4000244;0,219879523;4963,060059;15,49300003;13,25301266;653,2000122;657,5999756
Placer;KK-08;2903;138,1199951;11,12639999;34,44710159;655,5499878;0,066138476;5431,177246;16,27199936;3,169135332;662;649,0999756
San Benito;KK-08;565;29,64999962;6,725699902;36,6371994;655,6999512;0,10619469;5382,088867;13,63000011;16,9911499;651,5999756;659,7999878
El Dorado;KK-08;586;26;7,508500099;37,88399887;655,7999878;0,1331058;5724,441895;12,39400005;0,853242338;662;649,5999756
San Bernardino;KK-08;5068;240,1000061;7,063899994;34,2344017;655,8499756;0,123520128;4843,427246;15,33100033;6,649565697;655,9000244;655,7999878
Shasta;KK-08;859;42,84000015;16,4144001;40,1629982;656,4000244;0,137369037;5730,349121;12,66600037;0,116414435;654,0999756;658,7000122
Nevada;KK-08;145;10,21000004;8,275899887;20;656,5;0,137931034;5635,786133;13,71199989;0;657,7999878;655,2000122
San Mateo;KK-08;649;35,125;3,852099895;19,5685997;656,5500488;0,238828972;5671,657227;17,78033447;6,933744431;658,7000122;654,4000244
Kings;KK-08;1789;96;2,962500095;56,00889969;656,6500244;0,243152604;7070,633301;10,55666733;9,558412552;655,4000244;657,9000244
Shasta;KK-08;775;37;24,90320015;61,41939926;656,7000122;0,064516127;5097,343262;10,52299976;0,90322578;661,5;651,9000244
Calaveras;KK-08;777;36,84999847;12,98869991;39,84870148;656,8000488;0,190476194;5482,677246;13,24300003;1,158301115;663,4000244;650,2000122
Marin;KK-08;3518;188,1999969;9,770799637;49,42689896;656,8000488;0,119101763;5642,832031;22,47299957;40,10801697;656,7000122;656,9000244
San Diego;KK-08;19294;924,5700073;18,93190002;50,97079849;657;0,124442831;5280,023438;15,68465424;16,66321182;657,5999756;656,4000244
Santa Clara;KK-08;7661;386,4200134;7,805799961;32,13679886;657;0,151155204;5433,339844;23,48374939;21,95535851;657,2999878;656,7000122
Sutter;KK-08;158;8;6,329100132;25,31649971;657,1500244;0,215189874;4529,283691;11,64900017;8,860759735;661;653,2999878
Nevada;KK-08;117;6;8,403400421;36,1344986;657,4000244;0,358974367;6039,98584;16,3560009;0,854700923;664,9000244;649,9000244
Humboldt;KK-08;160;8,699999809;16,09199905;36,78160095;657,5;0,231250003;6168,229492;14,07400036;0;672,7999878;642,2000122
Sonoma;KK-08;511;27,20000076;27,48539925;51,85189819;657,5500488;0,058708414;5774,970215;13,43700027;3,913894176;664,2000122;650,9000244
San Mateo;KK-08;2770;140,1100006;3,610100031;25,55960083;657,6500244;0,106859207;4806,761719;18,33799934;11,94945908;659,7000122;655,5999756
Tehama;KK-08;551;28,5;15,2343998;51,5625;657,75;0,083484575;4840,936035;11,42599964;3,992740393;660,2000122;655,2999878
Orange;KK-06;5205;242,5;8,318900108;37,29109955;657,7999878;0,091066286;4954,466309;15,74991703;22,93948174;655,0999756;660,5
San Bernardino;KK-08;6437;278,8399963;2,516700029;17,1508007;657,9000244;0,096628867;4023,531738;15,77900028;2,485630035;658,5;657,2999878
Los Angeles;KK-08;1712;81,27999878;5,373799801;32,65190125;658;0,071261682;5179,411133;14,06200027;9,871495247;657;659
Humboldt;KK-08;370;19,79999924;6,504099846;36,31439972;658,3499756;0,151351348;4385,229492;12,17399979;0,540540576;664;652,7000122
San Bernardino;KK-08;3182;153,1999969;3,530499935;26,94330025;658,5999756;0,103079826;4777,512695;12,89999962;8,95663166;654,7000122;662,5
San Luis Obispo;KK-06;139;7,199999809;0,719399989;29,49640083;658,7999878;0,230215833;4862,790527;10,97099972;6,47481966;661,2999878;656,2999878
Santa Clara;KK-08;11855;588,8400269;9,015800476;32,76549911;659,0500488;0,127119362;5486,029785;17,43519974;20,72543144;654,9000244;663,2000122
El Dorado;KK-08;1068;51,66999817;12,82769966;36,79779816;659,1500244;0,120786518;5486,382324;14,76000023;0,187265918;662,0999756;656,2000122
Los Angeles;KK-08;2295;103;4,039500237;31,3708992;659,3499756;0,097603485;4631,243652;14,60299969;13,98692894;658,2999878;660,4000244
Inyo;KK-08;1510;73,30000305;10,25979996;37,10860062;659,4000244;0,093377486;5189,62793;13,52233315;8,741721153;662,7999878;656
Santa Barbara;KK-08;579;27,79999924;1,5;31,5;659,4000244;0,103626944;4600,606445;16,66900063;20,03454208;660;658,7999878
Madera;KK-08;1012;52,63999939;10,4847002;33,63010025;659,7999878;0,138339922;6735,775391;13,52225018;1,383399248;660,7999878;658,7999878
Siskiyou;KK-08;1212;68,65000153;18,29719925;47,12469864;659,9000244;0,088283829;5475,172852;12,51799965;2,062706232;660,4000244;659,4000244
Sonoma;KK-06;119;7;4;33,59999847;660,0500488;0,193277314;5990,794434;18,32600021;28,57143021;661,7000122;658,4000244
Nevada;KK-08;590;35,76250076;7,796599865;30,6779995;660,0999756;0,132203385;7203,246582;11,4659996;0,169491529;673,0999756;647,0999756
Tulare;KK-08;546;27,60000038;13,91940022;54,76190186;660,1999512;0,109890111;4777,769043;10,09799957;13,73626423;659,7999878;660,5999756
Tulare;KK-08;248;11,11999989;7,46269989;21,26869965;660,2999878;0,205645159;4302,834961;15,36499977;0;667,7999878;652,7999878
Tuolumne;KK-08;461;26;14,4708004;48,81209946;660,75;0,32537961;5630,194824;10,3113327;0,21691975;666,9000244;654,5999756
Los Angeles;KK-08;6312;308,6799927;9,837900162;22,69300079;660,9499512;0,078580484;4708,625;16,98662567;3,121039391;662,0999756;659,7999878
Merced;KK-08;285;13,98999977;7,241399765;66,20690155;661,3499756;0,217543855;5629,961426;9,612000465;47,36842346;661,0999756;661,5999756
San Mateo;KK-08;2325;115,3000031;2,881700039;15,6559;661,4500122;0,129892468;4890,986816;21,11050034;22,70967865;662;660,9000244
Santa Clara;KK-08;11885;549,8400269;10,19769955;30,44169998;661,5999756;0,150610015;4929,393066;16,47331238;29,12074089;659,0999756;664,0999756
Sonoma;KK-08;564;27,43000031;6,89659977;21,37929916;661,5999756;0,081560284;4905,221191;18,36899948;4,43262434;672,4000244;650,7999878
Kern;KK-08;12380;620,3800049;12,29520035;31,01889992;661,8499756;0,134975761;5156,856934;16,65411186;4,814216614;660,0999756;663,5999756
San Mateo;KK-08;3772;178,0599976;3,371999979;18,38780022;661,8499756;0,140243903;4941,787598;18,54422188;5,249204636;665,4000244;658,2999878
Tuolumne;KK-08;895;47,58000183;17,55319977;42,44680023;661,8499756;0,078212291;5408,781738;14,18000031;1,899441361;662,7000122;661
Placer;KK-08;5714;277,6700134;10,53429985;30,06909943;661,9000244;0,085579276;4981,387695;18,02955437;8,66293335;664,2999878;659,5
Stanislaus;KK-08;105;5,730000019;0;0;661,9000244;0,152380958;4877,086426;13,58600044;10,47619057;662,5;661,2999878
Lassen;KK-08;1449;76,98999786;16,5279007;42,60089874;661,9500122;0,086266391;5111,739258;12,64000034;1,242236018;660,4000244;663,5
Shasta;KK-08;510;24,5;20,39220047;45,88240051;662,4000244;0,186274514;5201,515625;11,10299969;0;663,0999756;661,7000122
Tulare;KK-08;160;8;11,25;56,875;662,4000244;0,243750006;4138,305664;7,5;9,375;651,4000244;673,4000244
Los Angeles;KK-08;433;22;9,336099625;25,10370064;662,4500122;0,115473442;5743,597168;15,50599957;1,385681391;665,4000244;659,5
Santa Clara;KK-08;3186;164,3099976;5,45389986;44,39070129;662,5;0,129001886;5702,705078;22,84140015;35,34212112;663,5;661,5
Los Angeles;KK-06;5010;239,3999939;5,298900127;27,35449982;662,5500488;0,114970058;4802,152832;19,82312584;9,64071846;661,7000122;663,4000244
Sonoma;KK-08;717;35,95000076;8,888899803;24,72220039;662,5500488;0,139470011;5442,143066;16,34700012;2,231520176;669,4000244;655,7000122
Kern;KK-08;3548;170,6499939;3,25999999;14,8508997;662,6500244;0,09441939;4522,375488;16,29299927;0,36640361;658,2999878;667
Shasta;KK-08;868;45,20000076;16,58989906;29,83869934;662,7000122;0,089861751;4965,808105;13,24800014;0,57603687;662,4000244;663
Placer;KK-08;507;26,64999962;13,20390034;37,08739853;662,75;0,118343197;5358,326172;14,01000023;0;667,0999756;658,4000244
Siskiyou;KK-08;822;46,65000153;8,073800087;25,60549927;662,9000244;0,127737224;5784,625;14,16300011;0,851581514;668,2999878;657,5
Sonoma;KK-06;1792;88,55000305;3,125;20,92630005;663,3499756;0,079799108;5072,70459;15,77099991;5,524553776;667,4000244;659,2999878
Madera;KK-08;1202;62,29999924;12,07689953;35,84619904;663,4499512;0,158069879;5556,041016;14,48333263;0;664,2999878;662,5999756
Humboldt;KK-06;515;27,35000038;16,11650085;26,21360016;663,5;0,11262136;5190,310059;14,20899963;0;660,2000122;666,7999878
El Dorado;KK-08;1354;66,56999969;12,0383997;36,48450089;663,8499756;0,194239289;5211,485352;15,16699982;2,437223196;666,4000244;661,2999878
Sonoma;KK-06;1252;65,11000061;9,451199532;43,21649933;663,8499756;0,090255588;5284,164063;12,58425045;20,76677322;659,4000244;668,2999878
Tehama;KK-08;823;46;13,85179996;55,28549957;663,9000244;0,15431349;5331,920898;10,55099964;2,187120438;657,7000122;670,0999756
Sonoma;KK-06;2231;114,3000031;2,916100025;13,36919975;664;0,115643211;5599,60791;16,95599937;13,62617588;666,2000122;661,7999878
Sonoma;KK-06;271;14,19999981;4,467400074;25,42959976;664;0,298892975;4881,899414;17,70899963;13,28413296;668,7000122;659,2999878
Placer;KK-08;309;15,5;4,207099915;32,68610001;664,1500244;0,275080919;4700,432129;16,27199936;1,941747546;671,2999878;657
Santa Cruz;KK-06;3005;159,2200012;8,619000435;33,81029892;664,1500244;0,102495842;5650;17,9008007;23,0615654;666,7000122;661,5999756
Humboldt;KK-08;966;47,95999908;20,95809937;47,30540085;664,2999878;0,118012421;5318,240723;11,83399963;0,621118009;674;654,5999756
San Bernardino;KK-08;7710;327,2999878;4,472199917;15,92990017;664,4000244;0,105577171;4709,054199;18,6201992;3,255512238;663,4000244;665,4000244
Placer;KK-08;762;35,5;10,8107996;30,37319946;664,4499512;0,070866145;5143,19043;12,43099976;0;663,0999756;665,7999878
El Dorado;KK-08;1708;89;8,489500046;29,03980064;664,7000122;0,120608896;5133,009766;15,16699982;2,224824429;665,5;663,9000244
Orange;KK-08;9850;489,2999878;3,335000038;30,64369965;664,75;0,112994924;5081,455566;20,87574959;18,55837631;663,7000122;665,7999878
Glenn;KK-08;129;5;9,302300453;50,38759995;664,9499512;0,07751938;4016,41626;10,63899994;6,201550484;667,5999756;662,2999878
San Mateo;KK-08;10619;565,5100098;2,538399935;28,37660027;664,9500122;0,108296447;5374,050293;25,02961922;18,45748138;665,9000244;664
Santa Barbara;KK-06;4521;236,5800018;3,705199957;31,08279991;665,0999756;0,109267861;5427,548828;16,75780106;32,07255173;666,7999878;663,4000244
San Bernardino;KK-08;580;29,44000053;11,89659977;30,17239952;665,2000122;0,196551725;5179,644531;15,29699993;3,965517044;656,2000122;674,2000122
Sonoma;KK-06;2569;138;5,486400127;24,74710083;665,3499756;0,126897618;5400;17,3694458;15,33670712;669,7999878;660,9000244
Santa Clara;KK-08;6022;286,7999878;6,394999981;36,0007019;665,6500244;0,12553969;5726,146484;22,09600067;27,66522789;663,9000244;667,4000244
Santa Barbara;KK-08;670;33,5;0,416099995;13,8696003;665,9000244;0,07014925;5003,870117;22,84199905;12,53731441;670,2999878;661,5
San Diego;KK-08;14708;700,9400024;13,53009987;45,72340012;665,9500122;0,133396789;4969,51123;18,31987572;12,68017483;664,5;667,4000244
Orange;KK-08;6601;305;1,196799994;15,08860016;666;0,106953494;4747,295898;25,03000069;6,908044338;668;664
Santa Barbara;KK-08;675;33,70000076;0;31,8519001;666,0500488;0,12888889;4543,305176;21,95700073;14,96296215;668,7000122;663,4000244
Santa Cruz;KK-08;2458;124,0699997;6,018700123;24,60350037;666,0999756;0,078519121;5229,591309;18,79683304;11,26932526;666,9000244;665,2999878
Glenn;KK-08;144;8;4,166699886;44,44440079;666,1500244;0,097222224;4507,353027;10,63899994;9,722222328;671,9000244;660,4000244
Sonoma;KK-08;573;29,60000038;6,993000031;15,20979977;666,1500244;0,083769634;5302,62793;17,50799942;3,315881252;671;661,2999878
Nevada;KK-08;721;35,72999954;1,849400043;18,49410057;666,4499512;0,11373093;5545,610352;18,59300041;0,693481266;668,7999878;664,0999756
Kings;KK-08;992;46,97000122;3,729799986;22,88310051;666,5500488;0,161290318;4615,908691;11,11600018;5,141129017;671,2000122;661,9000244
San Diego;KK-08;8432;360,5;6,392300129;22,98390007;666,5999756;0;5397,689453;14,09766674;4,969165325;663,7000122;669,5
Lassen;KK-08;244;11;15,57380009;40,16389847;666,6500244;0,061475411;5118,373047;12,64000034;6,967213154;672,0999756;661,2000122
Ventura;KK-08;7116;356,8200073;2,598999977;13,27620029;666,6500244;0,110314786;5008,070801;20,93642807;7,99606514;667,5;665,7999878
Tuolumne;KK-08;830;46,65999985;10,41189957;32,6086998;666,6999512;0,114457831;4906,030273;14,18000031;0,481927723;662,0999756;671,2999878
Siskiyou;KK-06;160;10,88000011;13,37580013;53,50320053;666,8499756;0,237499997;6870,346191;11,82600021;2,5;666,9000244;666,7999878
Sonoma;KK-06;1588;83,40000153;6,798500061;20,58099937;666,8499756;0,138539046;5301,716309;18,67099953;3,841310024;671,2999878;662,4000244
San Diego;KK-08;2272;108,75;4,049300194;16,06509972;667,1500244;0,135123238;5182,365723;17,33200073;1,32042253;667,7000122;666,5999756
Sonoma;KK-08;1425;71,83000183;5,092599869;19,8302002;667,1999512;0,045614034;4999,46875;17,50799942;4,91228056;669,7999878;664,5999756
Humboldt;KK-06;245;12,55000019;8,979599953;13,06120014;667,4500122;0,122448981;6732,066406;15,57199955;0;672,2000122;662,7000122
Kern;KK-08;1349;65,21250153;2,001499891;8,673100471;667,4500122;0,191994071;4612,989746;15,56725025;0,222386956;667;667,9000244
Tulare;KK-08;400;22;13,80090046;29,86429977;667,5999756;0,162499994;5478,845703;15,75199986;0;669,2000122;666
Santa Clara;KK-08;4632;245,1799927;7,037000179;23,6420002;668;0,137521595;5666,713867;20,46999931;17,85405922;669,4000244;666,5999756
Kern;KK-08;224;9;5,35710001;35,26789856;668,0999756;0,066964284;4742,51416;9,708999634;4,464285851;660,5;675,7000122
Kings;KK-08;576;31;3,993099928;28,125;668,4000244;0,159722224;4907,392578;11,11600018;9,548611641;665,7999878;671
San Diego;KK-08;451;25;8,647500038;11,7517004;668,5999756;0,166297123;5700,402344;16,32099915;3,991130829;672,7000122;664,5
San Diego;KK-06;900;50,75;2,101799965;24,3362999;668,6500244;0,161111116;5191,834473;21,96699905;20,66666603;668,7999878;668,5
Tulare;KK-08;118;5,5;8,333299637;51,66669846;668,7999878;0,084745765;4451,256836;8,934000015;7,627118587;668,5;669,0999756
San Diego;KK-08;1457;73,12999725;5,982299805;42,9640007;668,9000244;0;5627,527832;19,99699974;27,45367241;666,2000122;671,5999756
Orange;KK-06;4734;232,75;2,607800007;19,37249947;668,9500122;0,123785384;4922,939941;18,82723045;10,85762596;665,5;672,4000244
Los Angeles;KK-08;3303;146,5;4,662399769;16,95429993;669,0999756;0,114744172;4969,380859;18,1186657;5,025733948;666,0999756;672,0999756
Los Angeles;KK-06;6055;286,9200134;5,613399982;30,08510017;669,3000488;0,089182496;4829,717285;23,66737556;14,23616886;668,9000244;669,7000122
Marin;KK-08;424;23,29999924;3,537699938;15,3302002;669,3000488;0,091981135;6716,692871;22,13899994;0,235849053;680,9000244;657,7000122
Santa Clara;KK-08;2801;139,3000031;5,033899784;23,09889984;669,3499756;0,219564438;5205,941895;20,54599953;2,070688963;673,2999878;665,4000244
Tehama;KK-08;187;9,760000229;17,55319977;44,68090057;669,3499756;0,197860956;4357,826172;9,484999657;8,556149483;664,5999756;674,0999756
Humboldt;KK-08;129;6,599999905;13,95349979;27,1317997;669,7999878;0,131782949;5195,918945;11,83399963;0;670,0999756;669,5
San Diego;KK-06;188;9;6,382999897;36,70209885;669,8499756;0,21808511;6002,071777;18,79899979;4,787234306;673,2000122;666,5
Shasta;KK-08;1212;65,90000153;22,19470024;46,12210083;669,9500122;0,09570957;5090,587891;10,55099964;3,960396051;669,2000122;670,7000122
Kern;KK-08;2596;135,3500061;3,004600048;19,53000069;670;0,095916793;5112,390137;15,51900005;1,579352856;669,2000122;670,7999878
Santa Clara;KK-08;4925;253,8959961;3,821099997;12,17479992;670,6999512;0,152893394;5287,35498;21,63172722;3,593908548;672,7999878;668,5999756
Orange;KK-08;6257;288,6300049;2,163500071;15,51280022;671,25;0,148633525;4889,47998;21,09575081;8,726226807;671,2000122;671,2999878
El Dorado;KK-08;868;45;4,723499775;19,00919914;671,2999878;0,140552998;5118,130371;15,16699982;0;674,5999756;668
El Dorado;KK-08;3787;186,1000061;3,247999907;8,34430027;671,5999756;0,246633217;5119,123047;19,11700058;0,264061272;674,9000244;668,2999878
Placer;KK-08;6423;306,3800049;2,929899931;14,26599979;671,5999756;0,133115366;4792,211426;17,62000084;1,447921515;671,4000244;671,7999878
El Dorado;KK-08;678;34,84000015;2,507400036;15,92920017;671,6500244;0,069321536;5450,103516;15,16699982;0,147492617;677,5999756;665,7000122
Humboldt;KK-08;162;8,399999619;16,95910072;33,91809845;671,6999512;0,141975313;5210,724609;10,64299965;0;679,7999878;663,5999756
Los Angeles;KK-06;8529;407,7000122;2,192500114;11,70129967;671,75;0,097784027;4715,445801;20,73905563;3,705006361;668,9000244;674,5999756
Placer;KK-08;1862;89,08999634;2,829699993;21,08919907;671,9000244;0,124060154;4632,068359;21,56599998;0,268528461;673,0999756;670,7000122
Placer;KK-08;1452;70,5;2,426000118;10,41419983;671,9000244;0,126033053;5028,561523;17,65600014;0;679,5999756;664,2000122
Sonoma;KK-06;155;8;0,645200014;12,25809956;671,9499512;0,20645161;5695,466797;17,70899963;4,516129017;672,2999878;671,5999756
San Mateo;KK-08;2536;127,1100006;2,032799959;2,032799959;672,0499878;0,135252371;4504,294922;27,81599998;2,444794893;676,0999756;668
Nevada;KK-08;567;30,07999992;4,895100117;29,02099991;672,0500488;0,181657851;5156,437012;18,59300041;0;673,9000244;670,2000122
Madera;KK-08;953;52,59999847;7,98759985;33,9211998;672,2999878;0,141657919;5433,51416;14,26299953;0;668,0999756;676,5
San Luis Obispo;KK-08;296;15,43000031;5,592100143;25,98679924;672,3499756;0,141891897;5254,631836;22,75799942;5,405405521;674,5999756;670,0999756
Lassen;KK-08;198;9;2,450999975;12,74510002;672,4500122;0,121212125;4593,196777;12,64000034;0;672,7000122;672,2000122
Fresno;KK-08;218;10,10000038;2,242199898;25,1121006;672,5500488;0,224770635;4320,678711;11,23799992;6,422018051;669,4000244;675,7000122
Sonoma;KK-06;734;36;2,024300098;12,82050037;672,6999512;0,159400538;4920,777344;16,95599937;6,539509296;676,0999756;669,2999878
Sonoma;KK-06;189;11,60000038;2,07249999;32,12440109;673,0499878;0,264550269;6905,869141;17,70899963;14,2857151;679,0999756;667
San Mateo;KK-08;2528;138,3099976;1,342100024;2,445600033;673,25;0,19066456;5729,904297;25,62199974;3,678797483;675;671,5
El Dorado;KK-08;2987;154,1699982;2,042200089;11,18179989;673,2999878;0,097087376;4825,202148;18,72599983;0,502176106;676,0999756;670,5
Placer;KK-08;208;11;9,389699936;32,86380005;673,5499878;0,100961536;5388,17041;13,44299984;0;680,5;666,5999756
San Diego;KK-08;379;23,10000038;2,902400017;22,16360092;673,5499878;0,07651715;5133,827148;15,18000031;22,69129372;670,5;676,5999756
El Dorado;KK-08;145;9,300000191;6,20690012;0;673,9000244;0,186206892;5346,15625;19,11700058;0;670,5;677,2999878
Nevada;KK-08;706;37,74000168;2,593699932;23,05480003;674,25;0,145892352;4789,309082;13,71199989;0,141643062;676;672,5
Sonoma;KK-08;878;47,90000153;1,375;15,75;675,4000244;0,119589977;5329,782227;17,50799942;2,733485222;681;669,7999878
Humboldt;KK-08;594;33,18000031;12,26889992;25,37820053;675,7000122;0,12626262;5371,172852;11,83399963;1,68350172;683;668,4000244
Trinity;KK-08;139;7,349999905;20,86330032;66,90650177;676,1500244;0,287769794;5771,383789;13,27299976;0;680,0999756;672,2000122
Nevada;KK-08;2089;102,7799988;2,51850009;14,0369997;676,5499878;0,152225941;4993,634766;16,3560009;0,143609375;673,7999878;679,2999878
Placer;KK-08;326;16,28000069;4,294499874;11,04290009;676,5999756;0,128834352;4854,038086;18,62599945;0;673,2999878;679,9000244
Ventura;KK-08;516;21,5;0,968999982;27,71319962;676,8499756;0,096899226;4392,679688;23,7329998;11,04651165;680,5;673,2000122
Trinity;KK-08;449;25,5;12,72729969;48,48479843;676,9499512;0,111358576;5884,432129;12,93400002;0;672,7999878;681,0999756
Shasta;KK-08;297;15,35000038;2,356899977;4,040400028;677,25;0,235690236;4273,993164;13,90600014;0;679;675,5
Nevada;KK-08;1579;80,23999786;5,555600166;21,78030014;677,9500122;0,104496516;5146,78418;15,42800045;0,063331224;678,5;677,4000244
Humboldt;KK-08;383;20,45000076;6,005199909;10,18280029;678,0500488;0,127937332;5351,522949;15,38099957;0;682,9000244;673,2000122
Sonoma;KK-08;81;5,099999905;3,614500046;0;678,4000244;0,172839507;7667,571777;22,52899933;0;685,2999878;671,5
San Diego;KK-06;5259;262,230011;2,395900011;19,09110069;678,7999878;0,133295298;5281,708984;23,80609894;15,05989742;679;678,5999756
Marin;KK-08;1960;108,9599991;1,941699982;3,730200052;679,4000244;0,113775507;5368,50293;24,60300064;1,479591846;684,0999756;674,7000122
Santa Clara;KK-06;151;8,899999619;2,648999929;8,60929966;679,5;0,205298007;6429,257324;36,17399979;2,649006605;676,7999878;682,2000122
Los Angeles;KK-08;946;49,16999817;2,17840004;6,535299778;679,6500244;0,327695549;5387,458984;33,45500183;1,47991538;683,0999756;676,2000122
Sonoma;KK-06;2707;141,0200043;5,1395998;19,23080063;679,75;0,110823788;5235,774902;20,4802227;4,469892979;678,7000122;680,7999878
Monterey;KK-08;919;46,88999939;1,049299955;0;679,8000488;0,153427646;4829,896484;20,13400078;0,326441795;680,2000122;679,4000244
Sonoma;KK-06;945;46;4,239900112;10,65149975;680,0500488;0,22857143;5088,708008;19,3465004;2,539682627;685,7000122;674,4000244
Santa Clara;KK-08;738;39,70199966;0;0,67750001;680,4500122;0,298102975;5390,118164;36,17399979;0,54200542;684,2000122;676,7000122
Sonoma;KK-06;164;10,51000023;2,352900028;12,94120026;681,2999878;0,213414639;6588,430664;22,86333466;11,58536625;682,7999878;679,7999878
Sonoma;KK-06;167;10,92000008;0,520799994;11,45829964;681,2999878;0,173652694;6196,694824;17,70899963;11,37724495;680,7999878;681,7999878
Stanislaus;KK-08;125;7,079999924;4;14,39999962;681,5999756;0,200000003;4645,413086;14,17700005;0;688,5;674,7000122
Marin;KK-08;1091;62,06000137;0,53670001;0,53670001;681,9000244;0,103574701;6489,928711;41,0929985;1,37488544;689,7999878;674
Santa Barbara;KK-06;134;6;0,746299982;3,731300116;682,1500244;0,201492533;5094,958984;21,95700073;2,238806009;681,7999878;682,5
Sonoma;KK-08;600;32;2,694099903;29,31850052;682,4500122;0,091666669;4841,958496;16,06399918;5,333333492;680;684,9000244
Marin;KK-08;1803;99,59999847;1,924200058;3,621999979;682,5499878;0,156960621;6315,3125;25,73699951;2,773155928;685,5999756;679,5
Santa Cruz;KK-06;158;7,800000191;13,75;16,25;682,6500244;0,094936706;5399,383301;20,47400093;0;687,2999878;678
San Mateo;KK-08;2392;127,2200012;1,421399951;6,270899773;683,3499756;0,183528423;5429,473633;35,81000137;17,72575188;682,4000244;684,2999878
Shasta;KK-08;526;28,02000046;3,992399931;11,40680027;683,4000244;0,062737644;5644,286133;13,56700039;0;684,5;682,2999878
Santa Cruz;KK-06;141;6,909999847;10,07190037;9,352499962;684,3000488;0,31205675;6060,256836;20,0890007;0;680,4000244;688,2000122
Santa Cruz;KK-06;235;12,60000038;4,660999775;5,932199955;684,3499756;0,127659574;5319,553711;18,28300095;0,425531894;688,5;680,2000122
Contra Costa;KK-08;3280;158,3999939;2,752300024;7,859300137;684,8000488;0,123780489;4819,903809;25,23971558;6,067073345;682,2000122;687,4000244
Santa Barbara;KK-06;1254;57;1,582299948;12,5;684,9500122;0;5208,226074;25,06299973;10,12759113;686,2000122;683,7000122
Marin;KK-08;948;53,56000137;1,793200016;1,898699999;686,0500488;0,163502112;5859,964844;30,62849998;3,375527382;692,2000122;679,9000244
Santa Clara;KK-08;15228;708,8300171;1,715399981;4,690899849;686,6999512;0,146572098;4962,736816;27,47521591;8,648542404;683,0999756;690,2999878
Santa Cruz;KK-06;81;4,849999905;13,25300026;20,48189926;687,5499878;0,259259254;7614,379395;30,84000015;12,34567928;693,7999878;681,2999878
Santa Clara;KK-08;2768;141,3999939;0,448100001;2,792099953;689,0999756;0,195086703;5566,467773;34,15950012;1,589595318;691,5999756;686,5999756
Santa Barbara;KK-06;535;31;0,079999998;0,720000029;691,0499878;0,157009348;7039,949219;43,22999954;1,495327115;693,5;688,5999756
San Diego;KK-06;2542;146,3000031;0,826099992;9,677399635;691,3499756;0,158929974;6604,063965;27,94775009;10,38552284;687,7000122;695
San Mateo;KK-08;1940;111,8199997;0,412400007;3,917500019;691,9000244;0,136597931;6180,148926;49,93899918;6,134020329;693,7000122;690,0999756
Marin;KK-08;1059;65,12000275;0,849900007;1,416399956;693,9500122;0,25684607;6460,657227;55,32799911;2,266288996;695,9000244;692
Marin;KK-08;2340;132,1999969;1,581200004;2,435899973;694,25;0,172222227;6415,35498;35,48099899;2,47863245;693,5999756;694,9000244
Contra Costa;KK-08;3469;172,3399963;0;0,1734;694,8000488;0,14298068;5230,876953;34,30099869;0,893629253;697,9000244;691,7000122
San Diego;KK-06;2106;115,3000031;1,709400058;2,611599922;695,1999512;0,142450139;5838,171875;38,62857056;2,421652317;695,0999756;695,2999878
San Mateo;KK-08;478;32,86999893;0;0;695,2999878;0,234309629;7711,506836;35,34199905;3,765690327;701,2999878;689,2999878
Contra Costa;KK-08;1885;98,41999817;0,0506;0,303299993;696,5500488;0,127851456;5592,765137;31,05200005;1,962864757;697,4000244;695,7000122
Contra Costa;KK-08;2422;139,4700012;0;0,123899996;698,1999512;0,192402974;5933,154297;40,26399994;0,578034639;699,0999756;697,2999878
San Mateo;KK-08;1318;87,05999756;0,151700005;0;698,25;0,312594831;7593,405762;35,81000137;2,807283878;695,4000244;701,0999756
Santa Barbara;KK-06;220;12,32999992;0,45449999;0;698,4499512;0,100000001;6500,449707;43,22999954;1,363636374;693,2999878;703,5999756
San Mateo;KK-08;687;44,59000015;0,304899991;0;699,0999756;0,304221243;7217,263184;50,67699814;1,164483309;698,2999878;699,9000244
Santa Clara;KK-08;2341;124,0899963;0,170900002;0,59799999;700,3000488;0,122170016;5392,638672;40,40200043;2,050405741;698,9000244;701,7000122
San Mateo;KK-08;984;59,72999954;0,101599999;3,556900024;704,3000488;0,198170736;7290,338867;28,71699905;5,995934963;700,9000244;707,7000122
Santa Clara;KK-08;3724;208,4799957;1,074100018;1,503800035;706,75;0,193609029;5741,462891;41,73410797;4,726100922;704;709,5
Ventura;KK-08;441;20,14999962;3,563499928;37,19380188;645;0,10204082;4402,831543;23,7329998;24,26303864;648,2999878;641,7000122
Yuba;KK-08;101;5;11,88119984;59,40589905;672,2000122;0,138613865;4776,336426;9,951999664;2,970297098;667,9000244;676,5
Yuba;KK-08;1778;93,40000153;6,923500061;47,57120132;655,75;0,1760405;5993,392578;12,50199986;5,005624294;660,5;651
